name,Kommune
Aachen,Aachen
Aachener Stadtbetrieb (E18),Aachen
Amt für Geoinformation und Bodenordnung - Stadt Leipzig,Leipzig
Amt für Stadtgrün und Gewässer - Stadt Leipzig,Leipzig
Amt für Statistik und Wahlen - Stadt Leipzig,Leipzig
"Amt für Statistik und Wahlen - Stadt Leipzig
",Leipzig
Amt für Umweltschutz - Stadt Leipzig,Leipzig
Amt für Umweltschutz der Stadt Leipzig,Leipzig
Archäologisches Museum Hamburg,Hamburg
AWB Köln,Köln
"BA Hamburg-Nord, IT-Angelegenheiten der Bezirksverwaltung",Hamburg
"BA Mitte, OE QPK",Berlin
Bad Münstereifel,Bad Münstereifel
Bedburg,Bedburg
Behörde für Stadtentwicklung und Umwelt,Hamburg
Behörde für Stadtentwicklung und Wohnen (BSW),Hamburg
Bergheim,Bergheim
Berliner Feuerwehr,Berlin
Berliner Forsten,Berlin
Berliner Stadtreinigung (BSR),Berlin
Berliner Vermessungsämter,Berlin
"Berliner Wasserbetriebe, Organisationseinheit: Wasserversorgung",Berlin
Bezirksamt Altona,Hamburg
"Bezirksamt Altona - Dezernat Wirtschaft, Bauen und Umwelt",Hamburg
Bezirksamt Brand,Aachen
"Bezirksamt Charlottenburg-Wilmersdorf von Berlin, Umwelt- und Naturschutzamt",Berlin
Bezirksamt Friedrichshain-Kreuzberg,Berlin
Bezirksamt Friedrichshain-Kreuzberg von Berlin - Vermessung,Berlin
Bezirksamt Friedrichshain-Kreuzberg von Berlin - Vermessung,Berlin
"Bezirksamt Friedrichshain-Kreuzberg von Berlin, Abteilung Bauen, Planen und Facility ManagementServiceeinheit Facility ManagementFachbereich Hochbauservice Energiemanagement, FM-Hoch 4.EWG",Berlin
"Bezirksamt Friedrichshain-Kreuzberg, Finanzservice",Berlin
Bezirksamt Friedrichshain-Kreuzberg/ Bezirksbürgermeisterbüro,Berlin
Bezirksamt Friedrichshain-Kreuzberg/ Jugendamt,Berlin
"Bezirksamt Hamburg-Nord - Dezernat Wirtschaft, Bauen und Umwelt - Zentrum für Wirtschaftsförderung, Bauen und Umwelt",Hamburg
Bezirksamt Lichtenberg,Berlin
Bezirksamt Lichtenberg - Stadtentwicklungsamt,Berlin
"Bezirksamt Lichtenberg, Abteilung Personal, Finanzen, Immobilien und Kultur Serviceeinheit Facility Management",Berlin
Bezirksamt Marzahn-Hellersdorf von Berlin Jugendamt,Berlin
"Bezirksamt Marzahn-Hellersdorf von Berlin, Finanzservice",Berlin
"Bezirksamt Marzahn-Hellersdorf von Berlin, SE Facility Management",Berlin
"Bezirksamt Marzahn-Hellersdorf von Berlin, SE Finanzen",Berlin
"Bezirksamt Marzahn-Hellersdorf, Finanzservice",Berlin
Bezirksamt Mitte - Facility Management,Berlin
Bezirksamt Pankow,Berlin
Bezirksamt Steglitz-Zehlendorf,Berlin
"Bezirksamt Steglitz-Zehlendorf - Abt. Immobilien, Umwelt und Tiefbau, Serviceeinheit Facility Management",Berlin
Bezirksamt Steglitz-Zehlendorf - Büro der Bezirksbürgermeisterin,Berlin
Bezirksamt Steglitz-Zehlendorf - Jugendamt,Berlin
Bezirksamt Steglitz-Zehlendorf - Schulamt und Hochbauamt,Berlin
Bezirksamt Steglitz-Zehlendorf - Straßen- und Grünflächenamt,Berlin
Bezirksamt Tempelhof-Schöneberg,Berlin
Bezirksamt Tempelhof-Schöneberg - Finanzservice,Berlin
Bezirksamt Treptow-Köpenick - Büro Bezirksbürgermeister,Berlin
"Bezirksamt Treptow-Köpenick, Büro des Bezirksbürgermeisters",Berlin
"Bezirksamt Wandsbek - Zentrum für Wirtschaftsförderung, Bauen und Umwelt",Hamburg
"Bezirksämter, Bezirksamt Altona, Dezernat 4 - Wirtschaft, Bauen und Umwelt, Fachamt Stadt- und Landschaftsplanung",Hamburg
"Bezirksämter, Bezirksamt Bergedorf, Dezernat 4 - Wirtschaft, Bauen und Umwelt, Fachamt Stadt- und Landschaftsplanung",Hamburg
"Bezirksämter, Bezirksamt Eimsbüttel, Dezernat 4 - Wirtschaft, Bauen und Umwelt, Fachamt Stadt- und Landschaftsplanung",Hamburg
"Bezirksämter, Bezirksamt Hamburg-Mitte, Dezernat Wirtschaft, Bauen und Umwelt, Fachamt Stadt- und Landschaftsplanung",Hamburg
"Bezirksämter, Bezirksamt Hamburg-Nord, Dezernat 4 - Wirtschaft, Bauen und Umwelt, Fachamt Stadt- und Landschaftsplanung",Hamburg
"Bezirksämter, Bezirksamt Harburg, Dezernat 4 - Wirtschaft, Bauen und Umwelt, Fachamt Stadt- und Landschaftsplanung",Hamburg
"Bezirksämter, Bezirksamt Wandsbek, Dezernat 4 - Wirtschaft, Bauen und Umwelt, Fachamt Stadt- und Landschaftplanung",Hamburg
Bezirksregierung Arnsberg,Arnsberg
Bezirksregierung Münster,Münster
Bezirsamt Treptow-Köpenick von Berlin,Berlin
Bielefeld,Bielefeld
Bonn,Bonn
Bonn.digital GbR,Bonn
bonnorange AöR,Bonn
Brühl,Brühl
Der Polizeipräsident in Berlin,Berlin
Der Regierende Bürgermeister von Berlin - Senatskanzlei - Landesredaktion / Koordinierung Berlin.de,Berlin
"Die Senatorin für Klimaschutz, Umwelt, Mobilität, Stadtentwicklung und Wohnungsbau",Bremen
Dormagen,Dormagen
Dortmund,Dortmund
Duisburg,Duisburg
Duisburg Kontor,Duisburg
Düsseldorf,Düsseldorf
Düsseldorfer Drogenhilfe e.V.,Düsseldorf
Elsdorf,Elsdorf
Energiebeauftragter des Bezirksamtes Herr Müller-Nilsson,Berlin
Essen,Essen
Feuerwehr Düsseldorf,Düsseldorf
Feuerwehr Koeln,Köln
FH Köln,Köln
"Finanzbehörde Hamburg, Finanzbehörde, Fachliche Leitstelle DRiVe",Hamburg
"Finanzbehörde Hamburg, Finanzbehörde, Fachliche Leitstelle INEZ",Hamburg
Finanzservice Tempelhof-Schöneberg,Berlin
Fischereiamt Berlin,Berlin
Flughafen Münster/Osnabrück,Münster
"Freie Hansestadt Bremen, der Senator für Inneres",Bremen
"Freie Hansestadt Bremen, der Senator für Kultur",Bremen
"Freie Hansestadt Bremen, die Senatorin für Kinder und Bildung",Bremen
"Freie Hansestadt Bremen, die Senatorin für Klimaschutz, Umwelt, Mobilität, Stadtentwicklung und Wohnungsbau",Bremen
Freie und Hansestadt Bremen,Bremen
Gelsenkirchen,Gelsenkirchen
Gemeinde Altenberge,Altenberge
Gemeinde Bönen,Bönen
Gemeinde Everswinkel,Everswinkel
Gemeinde Grafschaft,Gemeinde Grafschaft
Gemeinde Holzwickede,Holzwickede
Gemeinde Lotte,Lotte
Gemeinde Roetgen,Roetgen
Gemeinde Schwalmtal,Schwalmtal
Gemeinde Steinhagen,Steinhagen
Gemeinde Südlohn,Südlohn
Gemeinde Titz,Titz
Titz,Titz
Gemeindeverwaltung Scharbeutz,Scharbeutz
Geoservice der Stadt Aachen,Aachen
GeoService der StädteRegion Aachen,Aachen
GeoService StädteRegion Aachen,Aachen
GISAdminChemnitz,Chemnitz
Glückstadt,Glückstadt
Hamburg Port Authority,Hamburg
Hamburg Tourismus GmbH,Hamburg
Hamburger Hochbahn AG,Hamburg
"Hamburger Hochbahn AG, Sachgebiet Vermessung",Hamburg
Hamburger Verkehrsbund GmbH,Hamburg
Hamburger Verkehrsverbund GmbH,Hamburg
Hamburger Wasserwerke GmbH,Hamburg
Hanse- und Universitätsstadt Rostock,Rostock
"Hanse- und Universitätsstadt Rostock – Amt für Jugend, Soziales und Asyl",Rostock
"Hanse- und Universitätsstadt Rostock – Amt für Kultur, Denkmalpflege und Museen",Rostock
Hanse- und Universitätsstadt Rostock – Amt für Mobilität,Rostock
"Hanse- und Universitätsstadt Rostock – Amt für Stadtentwicklung, Stadtplanung und Wirtschaft",Rostock
"Hanse- und Universitätsstadt Rostock – Amt für Stadtgrün, Naturschutz und Friedhofswesen",Rostock
"Hanse- und Universitätsstadt Rostock – Amt für Stadtgrün, Naturschutz und Landschaftspflege",Rostock
Hanse- und Universitätsstadt Rostock – Amt für Umwelt- und Klimaschutz,Rostock
Hanse- und Universitätsstadt Rostock – Amt für Umweltschutz,Rostock
Hanse- und Universitätsstadt Rostock – Bauamt,Rostock
Hanse- und Universitätsstadt Rostock – Brandschutz- und Rettungsamt,Rostock
Hanse- und Universitätsstadt Rostock – Büro des Oberbürgermeisters,Rostock
Hanse- und Universitätsstadt Rostock – Hauptamt,Rostock
"Hanse- und Universitätsstadt Rostock – Kataster-, Vermessungs- und Liegenschaftsamt",Rostock
Hanse- und Universitätsstadt Rostock – Schulverwaltungsamt,Rostock
Hanse- und Universitätsstadt Rostock – Stadtamt,Rostock
Hanse- und Universitätsstadt Rostock – Stadtforstamt,Rostock
Hanse- und Universitätsstadt Rostock – Tiefbauamt,Rostock
Hansestadt Attendorn,Attendorn
Hochsauerlandkreis,Hochsauerlandkreis
Hochsauerlandlkreis,Hochsauerlandkreis
Humboldt-Universität zu Berlin,Berlin
Hürtgenwald,Hürtgenwald
Internetredaktion der Stadt Geldern,Geldern
Jugendamt Lichtenberg,Berlin
Jugendamt Marzahn-Hellersdorf,Berlin
Jülich,Jülich
Kall,Gemeinde Kall
"Kataster-, Vermessungs- und Liegenschaftsamt der Hanse- und Universitätsstadt Rostock",Rostock
Kerpen,Kerpen
Köln,Köln
KölnBäder GmbH,Köln
Kölner Zoo,Köln
Kommunalbetrieb Krefeld AöR,Krefeld
Kommunale Statistikstelle der Stadt Soest,Soest
Kreis Euskirchen,Kreis Euskirchen
Kreis Gütersloh,Kreis Gütersloh
Kreis Kleve,Kreis Kleve
Kreis Minden-Lübbecke,Kreis Minden-Lübbecke
Kreis Nordfriesland,Kreis Nordfriesland
Kreis Pinneberg,Kreis Pinneberg
Kreis Recklinghausen,Kreis Recklinghausen
Kreis Steinfurt,Kreis Steinfurt
Kreis Viersen,Kreis Viersen
Kreis Wesel,Wesel
Kreisverwaltung Kleve,Kleve
Kreisverwaltung Kreis Kleve,Kreis Kleve
Kreisverwaltung Recklinghausen,Kreis Recklinghausen
Kreuzau,Kreuzau
Krisenstäbe der Stadt und StädteRegion Aachen,Aachen
KVB Koeln,Köln
LAGeSo,Berlin
Landesbetrieb Geoinformation und Vermessung (LGV) Hamburg,Hamburg
Landesdenkmalamt Berlin,Berlin
Landeshauptstadt Dresden,Dresden
Landeshauptstadt Düsseldorf,Düsseldorf
Landeshauptstadt Kiel,Kiel
"Landeshauptstadt Kiel, Amt für Finanzwirtschaft",Kiel
"Landeshauptstadt Kiel, Bürger- und Ordnungsamt, Abteilung Statistik",Kiel
"Landeshauptstadt Kiel, Bürger- und Ordnungsamt, Wahlen und Abstimmungen",Kiel
Landkreis Diepholz,Landkreis Diepholz
Landratsamt Bautzen,Bautzen
Landratsamt Greiz,Landkreis Greiz
Landratsamt Greiz,Landkreis Greiz
Langerwehe,Langerwehe
Leipziger Städtische Bibliotheken,Leipzig
Leipziger Verkehrsbetriebe,Leipzig
Leipziger Verkehrsbetriebe (LVB) GmbH,Leipzig
Linnich,Linnich
LRA Landkreis Meißen,Landkreis Meißen
LRA Landkreis Sächsische Schweiz-Osterzgebirge,Landkreis Sächsische Schweiz-Osterzgebirge
Märkischer Kreis,Märkischer Kreis
Max-Samuel-Haus – Stiftung Begegnungsstätte für jüdische Geschichte und Kultur in Rostock,Rostock
Meerbusch,Meerbusch
Merzenich,Merzenich
MoersMarketing GmbH,Moers
Münster,Münster
netAachen,Aachen
Netzgesellschaft Niederrhein MBH,Krefeld
Neuss,Neuss
Niederzier,Niederzier
Norderstedt,Norderstedt
Nörvenich,Nörvenich
Offene Daten Gelsenkirchen,Gelsenkirchen
opendata@kreis-kleve.de,Kreis Kleve
opendata@meerbusch.de,Meerbusch
Ortsgemeinde Burgbrohl,Ortsgemeinde Burgbrohl
Ortsgemeinde Dedenbach,Ortsgemeinde Dedenbach
Ortsgemeinde Erzenhausen,Ortsgemeinde Erzenhausen
Ortsgemeinde Eulenbis,Ortsgemeinde Eulenbis
Ortsgemeinde Galenberg,Ortsgemeinde Galenberg
Ortsgemeinde Glees,Ortsgemeinde Glees
Ortsgemeinde Hohenleimbach,Ortsgemeinde Hohenleimbach
Ortsgemeinde Kempenich,Ortsgemeinde Kempenich
Ortsgemeinde Kollweiler,Ortsgemeinde Kollweiler
Ortsgemeinde Königsfeld,Ortsgemeinde Königsfeld
Ortsgemeinde Mackenbach,Ortsgemeinde Mackenbach
Ortsgemeinde Reichenbach-Steegen,Ortsgemeinde Reichenbach-Steegen
Ortsgemeinde Schwedelbach,Ortsgemeinde Schwedelbach
Ortsgemeinde Weilerbach,Ortsgemeinde Weilerbach
Polizei NRW Koeln,Köln
"Referat 62 - Vermessung und Kataster, Stadt Gelsenkirchen",Gelsenkirchen
Regionalverband Großraum Braunschweig,Braunschweig
Rhein-Kreis Neuss,Rhein-Kreis Neuss
S-Bahn Hamburg GmbH,Hamburg
S-Bahn Stuttgart,Stuttgart
"Senatorin für Finanzen, Zentrales IT-Management, Digitalisierung öffentlicher Dienste",Bremen
"Senatsverwaltung für Bildung, Jugend und Familie Berlin",Berlin
Senatsverwaltung für Gesundheit und Soziales Berlin,Berlin
Senatsverwaltung für Gesundheit und Soziales von Berlin,Berlin
"Senatsverwaltung für Gesundheit, Pflege und Gleichstellung Berlin",Berlin
Senatsverwaltung für Stadtentwicklung,Berlin
Senatsverwaltung für Stadtentwicklung und Umwelt Berlin,Berlin
Senatsverwaltung für Stadtentwicklung und Wohnen Berlin,Berlin
"Senatsverwaltung für Umwelt, Verkehr und Klimaschutz",Berlin
"Senatsverwaltung für Umwelt, Verkehr und Klimaschutz ",Berlin
"Senatsverwaltung für Umwelt, Verkehr und Klimaschutz Berlin",Berlin
"Senatsverwaltung für Wirtschaft, Energie und Betriebe",Berlin
"Senatsverwaltung für Wirtschaft, Energie und Betriebe Berlin",Berlin
Servicezentrum der Berliner Volkshochschulen,Berlin
Siegburg,Siegburg
ST Andernach,Andernach
ST Mayen,Mayen
ST Remagen,Remagen
"Stadt Aachen, Fachbereich Geoinformation und Bodenordnung",Aachen
"Stadt Aachen, Fachbereich Geoinformation und Bodenordnung FB 62",Aachen
"Stadt Aachen, Fachbereich Stadtentwicklung und Verkehrsanlagen FB 61",Aachen
"Stadt Aachen, Fachbereich Umwelt",Aachen
"Stadt Aachen, Fachbereich Umwelt",Aachen
"Stadt Aachen, FB 02/200 Statistik",Aachen
"Stadt Aachen, FB 02/200 Statistik und Stadtforschung",Aachen
"Stadt Aachen, FB 02/3 Statistik und Stadtforschung",Aachen
"Stadt Aachen, FB02/3 Statistik und Stadtforschung",Aachen
"Stadt Aachen, Stabsstelle Klimaschutz",Aachen
Stadt Andernach,Andernach
Stadt Arnsberg,Arnsberg
Stadt Bad Salzuflen,Bad Salzuflen
Stadt Bergkamen,Bergkamen
Stadt Bielefeld,Bielefeld
Stadt Bielefeld - Amt für Geoinformation und Kataster,Bielefeld
Stadt Bocholt,Bocholt
Stadt Bochum,Bochum
Stadt Bonn,Bonn
Stadt Bottrop,Bottrop
"Stadt Braunschweig, Fachbereich 61 Stadtplanung und Umweltschutz, Abt. 61.2 Geoinformation",Braunschweig
"Stadt Braunschweig, Fachbereich für Stadtplanung und Umweltschutz, Abtlg. Geoinformation",Braunschweig
"Stadt Braunschweig, Fachbereich Stadtplanung und Umweltschutz, Abt. Geoinformation",Braunschweig
"Stadt Braunschweig, Referat Stadtentwicklung und Statistik",Braunschweig
Stadt Brühl,Brühl
Stadt Chemnitz,Chemnitz
"Stadt Chemnitz, Amt 10, Hauptamt",Chemnitz
"Stadt Chemnitz, Amt 18, Amt für Informationsverarbeitung",Chemnitz
"Stadt Chemnitz, Amt 36, Umweltamt",Chemnitz
"Stadt Chemnitz, Amt 40, Schulamt",Chemnitz
"Stadt Chemnitz, Amt 48, Tierpark",Chemnitz
"Stadt Chemnitz, Amt 51, Jugendamt",Chemnitz
"Stadt Chemnitz, Amt 52, Sportamt",Chemnitz
"Stadt Chemnitz, Amt 61, Stadtplanungsamt",Chemnitz
"Stadt Chemnitz, Amt 62, Städtisches Vermessungsamt",Chemnitz
"Stadt Chemnitz, Amt 66, Tiefbauamt",Chemnitz
"Stadt Chemnitz, Amt 67, Grünflächenamt",Chemnitz
Stadt Delbrück,Delbrück
Stadt Dormagen,Dormagen
Stadt Drolshagen,Drolshagen
Stadt Duisburg,Duisburg
Stadt Dülmen,Dülmen
Stadt Elsdorf,Elsdorf
Stadt Emsdetten,Emsdetten
Stadt Ennigerloh,Ennigerloh
"Stadt Ennigerloh, Fachbereich Stadtentwicklung, Dipl.-Ing. Ben Riepe",Ennigerloh
Stadt Erftstadt,Erfstadt
Stadt Essen,Essen
Stadt Euskirchen,Euskirchen
Stadt Gelsenkirchen,Gelsenkirchen
Stadt Gladbeck,Gladbeck
Stadt Goch,Goch
Stadt Grevenbroich,Grevenbroich
Stadt Gronau,Gronau
Stadt Haan,Haan
Stadt Harsewinkel,Harsewinkel
Stadt Hattingen,Hattingen
Stadt Heiligenhaus,Heiligenhaus
Stadt Heimbach,Heimbach
Stadt Hilden,Hilden
Stadt Hürth,Hürth
Stadt Iserlohn,Iserlohn
Stadt Jüchen,Jüchen
Stadt Kaarst,Kaarst
Stadt Kamen,Kamen
Stadt Kleve,Kleve
Stadt Köln,Köln
Stadt Korschenbroich,Korschenbroich
Stadt Krefeld,Krefeld
Stadt Landau,Landau
Stadt Landau - Stadtbauamt,Landau
Stadt Leipzig,Leipzig
"Stadt Leipzig, Stadtarchiv",Leipzig
Stadt Lemgo,Lemgo
Stadt Lengerich,Lengerich
Stadt Lippstadt,Lippstadt
Stadt Lüdenscheid,Lüdenscheid
Stadt Lünen,Lünen
Stadt Mainz,Mainz
Stadt Mayen,Mayen
Stadt Meerbusch,Meerbusch
"Stadt Meerbusch, Service Finanzen",Meerbusch
Stadt Mittenwalde,Mittenwalde
Stadt Moers,Moers
Stadt Moers,Moers
Stadt Mönchengladbach,Mönchengladbach
Stadt Münster,Münster
Stadt Neuss,Neuss
Stadt Oelde,Oelde
Stadt Remagen,Remagen
Stadt Remscheid,Remscheid
Stadt Rheda-Wiedenbrück,Rheda-Wiedenbrück
Stadt Rheine,Rheine
Stadt Stolberg,Stolberg
Stadt Trier,Trier
Stadt Troisdorf,Troisdorf
Stadt Ulm,Ulm
"Stadt Ulm, Bürgerdienste/Statistik und Wahlen",Ulm
"Stadt Ulm, Zentrale Steuerung/Finanzen",Ulm
Stadt Viersen,Viersen
Stadt Vreden,Vreden
Stadt Waltrop,Waltrop
Stadt Werne,Werne
Stadt Wesel,Wesel
Stadt Wesseling,Wesseling
Stadt Wetter (Ruhr),Wetter (Ruhr)
Stadt Wittlich,Wittlich
Stadt Wörth,Wörth
Stadt Wuppertal,Wuppertal
Stadtarchiv Leipzig,Leipzig
Stadtbibliothek Bremen,Bremen
Stadtbibliothek Köln,Köln
Stadtbüchereien der Landeshauptstadt Düsseldorf,Düsseldorf
Stadtentwicklungsamt Neukölln -FB Stadtplanung-,Berlin
StädteRegion Aachen,Aachen
"Stadtmuseum Berlin, eCulture",Berlin
Stadtreinigung Hamburg,Hamburg
Stadtverwaltung Chemnitz,Chemnitz
Stadtverwaltung Goch,Goch
Stadtverwaltung Hennef,Hennef
Stadtverwaltung Jena,Jena
Stadtverwaltung Leipzig,Leipzig
Stadtverwaltung Meiningen,Meiningen
Stadtverwaltung Menden,Menden
Stadtverwaltung Wittlich,Wittlich
Stadtwerke Bonn,Bonn
Stadtwerke Münster,Münster
Stadtwerke Rostock AG,Rostock
Standesamt Kleve,Kleve
Standesamt Leipzig,Leipzig
Statistikstelle der Stadt Gelsenkirchen,Gelsenkirchen
Statistikstelle Gelsenkirchen,Gelsenkirchen
Statistikstelle Stadt Gelsenkirchen,Gelsenkirchen
"Statistisches Amt für Hamburg und Schleswig-Holstein, Informationsservice und Bibliothek - Hamburg",Hamburg
Statistisches Landesamt Bremen,Bremen
Stdat Stolberg,Stolberg
"Stiftung Hamburger Öffentliche Bücherhallen 
(Bücherhallen Hamburg)",Hamburg
Stromnetz Berlin GmbH,Berlin
Technische Universität Hamburg (TUHH),Hamburg
Technische Universität Hamburg-Harburg (TUHH) - Institut für Wasserbau,Hamburg
Tegel Projekt GmbH - Urban Data & Plattform,Berlin
Transparenzportal Bremen,Bremen
Universität Siegen - Forschungsinstitut Wasser und Umwelt,Siegen
VBB - Verkehrsverbund Berlin-Brandenburg GmbH,Berlin
Verbandsgemeide Emmelshausen,Verbandsgemeinde Emmelshausen
Verbandsgemeide Kastellaun,Verbandsgemeinde Kastellaun
Verbandsgemeide Kirchberg,Verbandsgemeinde Kirchberg
Verbandsgemeide Rheinböllen,Verbandsgemeinde Rheinböllen
Verbandsgemeide Simmern,Verbandsgemeinde Simmern
Verbandsgemeinde Altenahr,Verbandsgemeinde Altenahr
Verbandsgemeinde Brohltal,Verbandsgemeinde Brohtal
Verbandsgemeinde Cochem,Verbandsgemeinde Cochem
Verbandsgemeinde Dierdorf,Dierdorf
Verbandsgemeinde Eich,Verbandsgemeinde Eich
Verbandsgemeinde Emmelshausen,Verbandsgemeinde Emmelshausen
Verbandsgemeinde Gerolstein,Verbandsgemeinde Gerolstein
Verbandsgemeinde Hamm,Verbandsgemeinde Hamm
Verbandsgemeinde Jockgrim,Verbandsgemeinde Jockgrim
Verbandsgemeinde Kastellaun,Verbandsgemeinde Kastellaun
Verbandsgemeinde Kirchberg,Verbandsgemeinde Kirchberg
Verbandsgemeinde Meisenheim,Verbandsgemeinde Meisenheim
Verbandsgemeinde Obere Kyll,Verbandsgemeinde Obere Kyll
Verbandsgemeinde Otterbach-Otterberg,Verbandsgemeinde Otterbach-Otterberg
Verbandsgemeinde Puderbach,Verbandsgemeinde Puderbach
Verbandsgemeinde Rheinböllen,Verbandsgemeinde Rheinböllen
Verbandsgemeinde Sankt Goar - Oberwesel,Verbandsgemeinde Sankt Goar - Oberwesel
Verbandsgemeinde Sankt Goar-Oberwesel,Verbandsgemeinde Sankt Goar - Oberwesel
Verbandsgemeinde Selters,Verbandsgemeinde Selters
Verbandsgemeinde Simmern,Verbandsgemeinde Simmern
Verbandsgemeinde Thalfang am Erbeskopf,Verbandsgemeinde Thalfang am Erbeskopf
Verbandsgemeinde Traben-Trabach,Verbandsgemeinde Traben-Trabach
Verbandsgemeinde Vordereifel,Verbandsgemeinde Vordereifel
Verkehrslenkung Berlin,Berlin
Verkehrsverbund Oberelbe GmbH,Dresden
Vettweiß,Vettweiß
VG Altenahr,Verbandsgemeinde Altenahr
VG Cochem,Verbandsgemeinde Cochem
VG Dierdorf,Verbandsgemeinde Dierdorf
VG Gerolstein,Verbandsgemeinde Gerolstein
VG Hamm,Verbandsgemeinde Hamm
VG Jockgrim,Verbandsgemeinde Jockgrim
VG Meisenheim,Verbandsgemeinde Meisenheim
VG Obere Kyll,Verbandsgemeinde Obere Kyll
VG Otterbach-Otterberg,Verbandsgemeinde Otterbach-Otterberg
VG Puderbach,Verbandsgemeinde Puderbach
VG Selters,Verbandsgemeinde Selters
VG Uder,Verbandsgemeinde Uder
VG Vordereifel,Verbandsgemeinde Vordereifel
VHS Koeln,Köln
Volkshochschule der Hanse- und Universitätsstadt Rostock,Rostock
Volkshochschule Wesel Hamminkeln Schermbeck,Wesel
Werbering Moers,Moers
Wesseling,Wesseling
"Wirtschaft, Tourismus & Marketing Stadt Kleve GmbH",Kleve
Wirtschaftsbetriebe Duisburg,Duisburg
Wirtschaftsförderung Münster GmbH,Münster
Wuppertal,Wuppertal
Wuppertaler Stadtwerke,Wuppertal
Heimbach,Heimbach
Tim Neuhäuser,Wachtendonk
Zoo Duisburg,Duisburg
Bezirksamt Friedrichshain-Kreuzberg von Berlin - Vermessung,Berlin
Bezirksamt Lichtenberg von Berlin - Büro der Bezirksverordnetenversammlung,Berlin
"Bezirksamt Lichtenberg, Abteilung Personal, Finanzen, Immobilien und Kultur",Berlin
"Bezirksamt Lichtenberg, Abteilung Personal, Finanzen, Immobilien und Kultur, Serviceeinheit Facility Management",Berlin
Bezirksamt Marzahn-Hellersdorf von Berlin - Büro der Bezirksverordnetenversammlung,Berlin
"Bezirksamt Mitte, QPK",Berlin
"Bezirksamt Pankow von Berlin, Büro der Bezirksverordnetenversammlung",Berlin
"Bezirksamt Pankow, Amt für öffentliche Ordnung",Berlin
Bezirksamt Reinickendorf von Berlin - Büro der Bezirksverordnetenversammlung,Berlin
Bezirksamt Steglitz-Zehlendorf  von Berlin - Büro der Bezirksverordnetenversammlung,Berlin
Bezirksamt Treptow-Köpenick von Berlin - Büro der Bezirksverordnetenversammlung,Berlin
Landedenkmalamt Berlin,Berlin
Polizei Berlin,Berlin
Polizei Berlin LKA St 14,Berlin
"Senatsverwaltung für Stadtentwicklung, Bauen und Wohnen",Berlin
"Senatsverwaltung für Umwelt, Mobilität, Verbraucher- und Klimaschutz Berlin",Berlin
"Senatsverwaltung für Umwelt, Verkehr und Klimaschutz, Fischereiamt Berlin",Berlin
"Senatsverwaltung für Wissenschaft, Gesundheit, Pflege und Gleichstellung",Berlin
"Senatsverwaltung Umwelt, Verkehr und Klimaschutz",Berlin
Statistikstelle Personal bei der Senatsverwaltung für Finanzen,Berlin
"Amt für Bürgerservice der Stadt Bochum, Büro für Kfz-Angelegenheiten",Bochum
"Die Senatorin für Soziales, Jugend, Integration und Sport\nProjektkoordination Bremen",Bremen
"Freie Hansestadt Bremen, Die Senatorin für Kinder und Bildung",Bremen
"Freie Hansestadt Bremen, Die Senatorin für Klimaschutz, Umwelt, Mobilität, Stadtentwicklung und Wohnungsbau",Bremen
Bezirksregierung Düsseldorf,Düsseldorf
Düsseldorf Tourismus,Düsseldorf
Open Data Team Düsseldorf,Düsseldorf
Open-Data-Team der Landeshauptstadt Düsseldorf,Düsseldorf
Open-Data-Team Düseldorf,Düsseldorf
Open-Data-Team Düsseldorf,Düsseldorf
Zukunftswerkstatt Düsseldorf,Düsseldorf
Bad Sassendorf,Gemeinde Bad Sassendorf
Gemeinde Bad Sassendorf,Gemeinde Bad Sassendorf
Gemeinde Föritztal,Gemeinde Föritztal
Gemeinde Harztor,Gemeinde Harztor
Gemeinde Hellenthal,Gemeinde Hellenthal
Hellenthal,Gemeinde Hellenthal
Gemeinde Kaulsdorf und den zu erfüllenden Gemeinden,Gemeinde Kaulsdorf
Kaulsdorf,Gemeinde Kaulsdorf
Gemeinde Nobitz und der beauftragenden Gemeinden,Gemeinde Nobitz
Nobitz,Gemeinde Nobitz
Stadtverwaltung Nottertal-Heilinger Höhen,Gemeinde Nottertal-Heilinger Höhen
simmerath,Gemeinde Simmerath
Gemeinde Stadt Meiningen und beauftragende Gemeinden,Gemeinde Stadt Meiningen
Stadt Meiningen,Gemeinde Stadt Meiningen
Scharbeutz,Scharbeutz
Bezirksamt Wandsbek,Hamburg
Verkehrsbetriebe Hamburg-Holstein GmbH,Hamburg
Heilbad Heiligenstadt,Heilbad Heiligenstadt
Kunsthalle Kiel,Kiel
"Amt für Kinder, Jugend und Familie Stadt Köln",Köln
"Amt für Liegenschaften, Vermessung und Kataster Stadt Köln, Archäologischen Zone Köln",Köln
Amt für öffentliche Ordnung Stadt Köln,Köln
Amt für Stadtentwicklung und Statistik - Raumbezugssystem Stadt Köln,Köln
Amt für Stadtentwicklung und Statistik - Statistisches Informationssystem Stadt Köln,Köln
Amt für Straßen und Verkehrsentwicklung  Stadt Köln,Köln
Amt für Straßen und Verkehrsentwicklung Stadt Köln,Köln
Amt für Verkehrsmanagement  Stadt Köln,Köln
Amt für Verkehrsmanagement Stadt Köln,Köln
Bauverwaltungsamt Stadt Köln,Köln
Gebäudewirtschaft der Stadt Köln,Köln
Geodatenmanagement Stadt Köln,Köln
Gesundheitsamt Stadt Köln,Köln
Integrierte Jugendhilfe- und Schulentwicklungsplanung Stadt Köln,Köln
Museum für Angewandte Kunst Köln,Köln
Rautenstrauch-Joest-Museum Köln,Köln
Rheinisches Bildarchiv der Stadt Köln,Köln
Römisch Germanisches Museum Köln,Köln
Standesamt Stadt Köln,Köln
Umwelt- und Verbraucherschutzamt Stadt Köln,Köln
Wahlamt der Stadt Köln,Köln
Kreis Bergstraße,Kreis Bergstraße
Herford,Kreis Herford
Kreis Herford,Kreis Herford
Kreis Rendsburg-Eckernförde,Kreis Rendsburg-Eckernförde
Kreis Stormarn,Kreis Stormarn
Kreis Unna,Kreis Unna
unna,Kreis Unna
Kreisarchiv Stormarn,Kreis Stormarn
Kreisverwaltung Landkreis Mansfeld-Südharz,Kreisverwaltung Landkreis Mansfeld-Südharz
Georgenthal,Landgemeinde Georgenthal
Landgemeinde Georgenthal und beauftragende Gemeinden,Landgemeinde Georgenthal
Landgemeinde Georgenthal und der beauftragenden Gemeinden,Landgemeinde Georgenthal
Grammetal,Landgemeinde Grammetal
Landgemeinde Grammetal,Landgemeinde Grammetal
Landkreis Bernkastel-Wittlich,Landkreis Bernkastel-Wittlich
Landkreis Vorpommern-Greifswald,Landkreis Vorpommern-Greifswald
Landratsamt Saale-Holzland-Kreis,Saale-Holzland-Kreis
Landratsamt Schmalkalden - Meiningen,Landkreis Schmalkalden - Meiningen
Landratsamt Wartburgkreis,Wartburgkreis
Gesundheitsamt Leipzig,Leipzig
Open Data Koodination Münster,Münster
Open Data Koordination der Stadt Münster,Münster
Open Data Koordination Münster,Münster
Open Data Koordination Stadt Münster,Münster
brauneberg,Ortsgemeinde Brauneberg
Ortsgemeinde Brauneberg,Ortsgemeinde Brauneberg
brenk,Ortsgemeinde Brenk
Ortsgemeinde Brenk,Ortsgemeinde Brenk
burgen,Ortsgemeinde Burgen
Ortsgemeinde Burgen,Ortsgemeinde Burgen
erden,Ortsgemeinde Erden
Ortsgemeinde Erden,Ortsgemeinde Erden
frankelbach,Ortsgemeinde Frankelbach
Ortsgemeinde Frankelbach,Ortsgemeinde Frankelbach
gornhausen,Ortsgemeinde Gornhausen
Ortsgemeinde Gornhausen,Ortsgemeinde Gornhausen
graach,Ortsgemeinde Graach an der Mosel
mosel,Ortsgemeinde Graach an der Mosel
Ortsgemeinde Graach an der Mosel,Ortsgemeinde Graach an der Mosel
hochscheid,Ortsgemeinde Hochscheid
Ortsgemeinde Hochscheid,Ortsgemeinde Hochscheid
kesten,Ortsgemeinde Kesten
Ortsgemeinde Kesten,Ortsgemeinde Kesten
kleinich,Ortsgemeinde Kleinich
Ortsgemeinde Kleinich,Ortsgemeinde Kleinich
kommen,Ortsgemeinde Kommen
Ortsgemeinde Kommen,Ortsgemeinde Kommen
lambsheim,Ortsgemeinde Lambsheim
Ortsgemeinde Lambsheim,Ortsgemeinde Lambsheim
lieser,Ortsgemeinde Lieser
Ortsgemeinde Lieser,Ortsgemeinde Lieser
longkamp,Ortsgemeinde Longkamp
Ortsgemeinde Longkamp,Ortsgemeinde Longkamp
lösnich,Ortsgemeinde Lösnich
Ortsgemeinde Lösnich,Ortsgemeinde Lösnich
maring,Ortsgemeinde Maring-Noviand
noviand,Ortsgemeinde Maring-Noviand
Ortsgemeinde Maring-Noviand,Ortsgemeinde Maring-Noviand
minheim,Ortsgemeinde Minheim
Ortsgemeinde Minheim,Ortsgemeinde Minheim
monzelfeld,Ortsgemeinde Monzelfeld
Ortsgemeinde Monzelfeld,Ortsgemeinde Monzelfeld
mülheim,Ortsgemeinde Mülheim an der Mosel
Ortsgemeinde Mülheim an der Mosel,Ortsgemeinde Mülheim an der Mosel
neumagen,Ortsgemeinde Neumagen-Dhron
Ortsgemeinde Neumagen-Dhron,Ortsgemeinde Neumagen-Dhron
Ortsgemeinde Piesport,Ortsgemeinde Piesport
piesport,Ortsgemeinde Piesport
Ortsgemeinde Rodenbach,Ortsgemeinde Rodenbach
rodenbach,Ortsgemeinde Rodenbach
Ortsgemeinde Veldenz,Ortsgemeinde Veldenz
veldenz,Ortsgemeinde Veldenz
Ortsgemeinde Wintrich,Ortsgemeinde Wintrich
wintrich,Ortsgemeinde Wintrich
Ortsgemeinde Zeltingen-Rachtig,Ortsgemeinde Zeltingen-Rachtig
rachtig,Ortsgemeinde Zeltingen-Rachtig
zeltingen,Ortsgemeinde Zeltingen-Rachtig
Auma-Weidatal,Auma-Weidatal
Stadt Auma-Weidatal,Auma-Weidatal
Bad Berka,Bad Berka
Stadt Bad Berka,Bad Berka
Bad Blankenburg,Bad Blankenburg
Stadt Bad Blankenburg,Bad Blankenburg
Stadtverwaltung Bad Sulza,Bad Sulza
bendorf,Bendorf
Stadt Bendorf,Bendorf
bernkastel,Bernkastel-Kues
bernkastelkues,Bernkastel-Kues
kues,Bernkastel-Kues
Stadt Bernkastel-Kues,Bernkastel-Kues
Stadt Braunschweig,Braunschweig
Stadt Dresden,Dresden
Ebeleben,Ebeleben
Stadt Ebeleben und der beauftragenden Gemeinden,Ebeleben
Stadtverwaltung Erfurt,Erfurt
Stadt Flensburg,Flensburg
Freiburg,Freiburg
Freiburg i. Br.,Freiburg
Stadt Freiburg i. Br. - Amt für Bürgerservice und Informationsverarbeitung,Freiburg
Stadt Freiburg i. Br. - Garten- und Tiefbauamt,Freiburg
Stadt Freiburg i. Br. - Geodatenmanagement,Freiburg
Stadt Freiburg i. Br. - Stadtplanungsamt,Freiburg
Stadt Freiburg i. Br. - Vermessungsamt,Freiburg
Greven,Greven
Stadt Greven,Greven
Herne,Herne
Stadt Herne,Herne
Kölleda,Kölleda
Stadt Kölleda,Kölleda
Menden (Sauerland),Menden (Sauerland)
Stadt Menden (Sauerland),Menden (Sauerland)
Stadt Minden,Minden
Mönchengladbach,Mönchengladbach
Neustadt an der Orla,Neustadt an der Orla
Stadt Neustadt an der Orla und der beauftragenden Gemeinden,Neustadt an der Orla
Oberhof,Oberhof
Stadt Oberhof,Oberhof
Ohrdruf,Ohrdruf
Stadt Ohrdruf und der beauftragenden Gemeinden,Ohrdruf
Stadt Otterberg,Otterberg
Stadtverwaltung Schalkau,Schalkau
Schleiz,Schleiz
Stadt Schleiz,Schleiz
Schmalkalden,Schmalkalden
Stadt Schmalkalden,Schmalkalden
Kommunale Statistikstelle,Soest
Stadt Soest,Soest
Sonneberg,Sonneberg
Stadt Sonneberg,Sonneberg
Stadt Stadtilm,Stadtilm
Stadtilm,Stadtilm
Stadt Tambach-Dietharz,Tambach-Dietharz
Tambach-Dietharz,Tambach-Dietharz
Stadt Villingen-Schwenningen - Stadtplanungsamt,Villingen-Schwenningen
Villingen-Schwenningen,Villingen-Schwenningen
Wegberg,Wegberg
Stadt Weida,Weida
Weida,Weida
würselen,Würselen
Bad Sulza,Bad Sulza
Schalkau,Schalkau
Verbandsgemeinde Adenau,Verbandsgemeinde Adenau
altenkirchen,Verbandsgemeinde Altenkirchen
Verbandsgemeinde Altenkirchen,Verbandsgemeinde Altenkirchen
Verbandsgemeinde Bernkastel Kues,Verbandsgemeinde Bernkastel Kues
hermeskeil,Verbandsgemeinde Hermeskeil
Verbandsgemeinde Hermeskeil,Verbandsgemeinde Hermeskeil
rodalben,Verbandsgemeinde Rodalben
Verbandsgemeinde Rodalben,Verbandsgemeinde Rodalben
südeifel,Verbandsgemeinde Südeifel
Verbandsgemeinde Südeifel,Verbandsgemeinde Südeifel
Verbandsgemeinde Wittlich-Land,Verbandsgemeinde Wittlich-Land
"Verwaltungsgemeinschaft \Nesseaue\""","Verwaltungsgemeinschaft ""Nesseaue"""
VG Gramme-Vippach,Verwaltungsgemeinschaft Gramme-Vippach
VG Hainich-Werratal,Verwaltungsgemeinschaft Hainich-Werratal
Hermsdorf,Verwaltungsgemeinschaft Hermsdorf
Verwaltungsgemeinschaft Hermsdorf,Verwaltungsgemeinschaft Hermsdorf
Verwaltungsgemeinschaft Pleißenaue,Verwaltungsgemeinschaft Pleißenaue
Verwaltungsgemeinschaft Riechheimer Berg,Verwaltungsgemeinschaft Riechheimer Berg
VG Straußfurt,Verwaltungsgemeinschaft Straußfurt
Straußfurt,Verwaltungsgemeinschaft Straußfurt
Beteiligungsmanagement Stadt Wuppertal,Wuppertal
Feuerwehr Stadt Wuppertal (304),Wuppertal
Gebäudemanagement Stadt Wuppertal,Wuppertal
Geodatenzentrum Stadt Wuppertal,Wuppertal
Kämmerei Stadt Wuppertal,Wuppertal
Presseamt Stadt Wuppertal,Wuppertal
"Stadt Wuppertal, Auszüge Planungsrechtskataster (102.1301)",Wuppertal
"Stadt Wuppertal, Bauleitplanung (105.1)",Wuppertal
"Stadt Wuppertal, Bauleitung und Montage, Park- und Messtechnik (104.34)",Wuppertal
"Stadt Wuppertal, Denkmalschutz und Denkmalpflege (105.03)",Wuppertal
"Stadt Wuppertal, Denkmalschutz und Denkmalpflege (105.03)",Wuppertal
"Stadt Wuppertal, Gesamtverkehrsplanung (104.51)",Wuppertal
"Stadt Wuppertal, Gesundheitsamt (305)",Wuppertal
"Stadt Wuppertal, Infektions- und Umwelthygiene (305.8)",Wuppertal
"Stadt Wuppertal, Innovationslabor (402.02)",Wuppertal
"Stadt Wuppertal, Kleingärten; Sondergrabanlagen (103.52)",Wuppertal
"Stadt Wuppertal, Klimaschutz (300.2)",Wuppertal
"Stadt Wuppertal, Liegenschaftskataster (102.2101)",Wuppertal
"Stadt Wuppertal, Nahmobilität (104.54)",Wuppertal
"Stadt Wuppertal, Nahverkehrsplanung und ÖPNV-Aufgabenträgerschaft (104.53)",Wuppertal
"Stadt Wuppertal, Öffentliche Beleuchtung (104.25)",Wuppertal
"Stadt Wuppertal, Ordnungsamt (302)",Wuppertal
"Stadt Wuppertal, Planungsrechtskarten (102.1302)",Wuppertal
"Stadt Wuppertal, Raumbezogene Informationsverarbeitung (102.3401)",Wuppertal
"Stadt Wuppertal, Ressort 102 Vermessung, Katasteramt und Geodaten",Wuppertal
"Stadt Wuppertal, Stadtkartographie (102,3201)",Wuppertal
"Stadt Wuppertal, Stadtkartographie (102.3201)",Wuppertal
"Stadt Wuppertal, Tageseinrichtungen für Kinder - Jugendamt, Organisation, Planung und Recht (202.1101)",Wuppertal
"Stadt Wuppertal, Untere Immissionsschutz- und Abfallwirtschaftsbehörde (106.28)",Wuppertal
"Stadt Wuppertal, Verkehrslenkung und Ausnahmegenehmigungen (104.11)",Wuppertal
Standesamt Wuppertal,Wuppertal
Statistik und Wahlen - Stadt Wuppertal,Wuppertal
Wuppertaler Stadtwerke AG (WSW),Wuppertal
Landesbetrieb Geoinformation und Vermessung,Hamburg
